Peptide,Draw,Output,Group
AALEELVK,Point1_1,21.192256688842168,Point1
AALEELVK,Point1_2,21.84195586395095,Point1
AALEELVK,Point1_3,22.07652857404503,Point1
AALEELVK,Point2_1,22.56346442837798,Point2
AALEELVK,Point2_3,22.503512295652634,Point2
AALEELVK,Point3_2,23.98737158278659,Point3
AALEELVK,Point3_3,23.795011503672214,Point3
AALEELVK,Point4_1,24.442214073414213,Point4
AALEELVK,Point4_2,25.186955997365686,Point4
AALEELVK,Point4_3,23.56546471524325,Point4
AALEELVK,Point5_1,25.966862556796897,Point5
AALEELVK,Point5_2,25.665302516581658,Point5
AALEELVK,Point5_3,25.80338758143733,Point5
AALEELVK,Point6_1,26.537670219636205,Point6
AALEELVK,Point6_2,25.95415831836428,Point6
AALEELVK,Point7_1,27.899313586245942,Point7
AALEELVK,Point7_2,27.76401558279295,Point7
AALEELVK,Point7_3,27.62818841630846,Point7
